,payment_id,from_account,to_account,amount
0,,,,0.0100000
1,,,,0.0100000
2,,,,0.0100000
3,,,,0.0100000
4,,,,0.0100000
5,,,,0.0100000
6,,,,0.0100000
7,,,,0.0100000
8,,,,0.0100000
9,,,,0.0100000
10,,,,0.0100000
11,,,,0.0100000
12,,,,0.0100000
13,,,,0.0100000
14,,,,0.0100000
15,,,,0.0100000
16,,,,0.0100000
17,,,,0.0100000
18,,,,0.0100000
19,,,,0.0100000
20,,,,0.0100000
21,,,,0.0100000
22,,,,0.0100000
23,,,,0.0100000
24,,,,0.0100000
25,,,,0.0100000
26,,,,0.0100000
27,,,,0.0100000
28,,,,0.0100000
29,,,,0.0100000
30,,,,0.0100000
31,,,,0.0100000
32,,,,0.0100000
33,,,,0.0100000
34,,,,0.0100000
35,,,,0.0100000
36,,,,0.0100000
37,,,,0.0100000
38,,,,0.0100000
39,,,,0.0100000
40,,,,0.0100000
41,,,,0.0100000
42,,,,0.0100000
43,,,,0.0100000
44,,,,0.0100000
45,,,,0.0100000
46,,,,0.0100000
47,,,,0.0100000
48,,,,0.0100000
49,,,,0.0100000
